Cit_ID,City,Country,Lat,Long,Max Temp,Humidity,Cloudiness,Wind Speed,Description,Date
0,Vestmannaeyjar,IS,63.4427,-20.2734,33.35,71,100,9.75,overcast clouds,22-02-11 23:44:14
1,Severo-Kurilsk,RU,50.6789,156.125,26.83,83,99,9.33,light snow,22-02-11 23:47:19
2,Kapaa,US,22.0752,-159.319,82.47,63,0,1.99,clear sky,22-02-11 23:47:19
3,Ilulissat,GL,69.2167,-51.1,26.62,74,75,11.5,broken clouds,22-02-11 23:44:51
4,Ponta Do Sol,PT,32.6667,-17.1,64.06,75,27,6.69,scattered clouds,22-02-11 23:47:20
5,Castro,BR,-24.7911,-50.0119,65.57,78,59,8.3,broken clouds,22-02-11 23:47:21
6,Nancha,CN,47.1333,129.2667,9.3,84,100,4.36,overcast clouds,22-02-11 23:47:21
7,Ushuaia,AR,-54.8,-68.3,51.46,82,100,10.36,moderate rain,22-02-11 23:47:22
8,Vaini,TO,-21.2,-175.2,86.16,84,20,8.05,few clouds,22-02-11 23:47:23
9,Puerto Ayora,EC,-0.7393,-90.3518,72.55,99,80,3.0,broken clouds,22-02-11 23:47:23
10,Mogoytuy,RU,51.2833,114.9167,-18.24,97,94,3.83,overcast clouds,22-02-11 23:47:24
11,Cape Town,ZA,-33.9258,18.4232,68.88,81,0,17.27,clear sky,22-02-11 23:47:24
12,Berezovyy,RU,51.6667,135.7,11.66,93,100,2.68,light snow,22-02-11 23:47:25
13,Saquena,PE,-4.6667,-73.5167,75.99,90,99,1.21,overcast clouds,22-02-11 23:47:25
14,Sitka,US,57.0531,-135.33,42.69,87,100,3.44,moderate rain,22-02-11 23:45:37
15,Katherine,AU,-14.4667,132.2667,84.52,79,40,10.36,scattered clouds,22-02-11 23:47:26
16,Longyearbyen,SJ,78.2186,15.6401,19.24,86,75,3.44,light snow,22-02-11 23:47:27
17,Punta Arenas,CL,-53.15,-70.9167,55.51,71,75,32.21,broken clouds,22-02-11 23:47:27
18,Ahipara,NZ,-35.1667,173.1667,79.86,80,95,18.81,overcast clouds,22-02-11 23:47:19
19,Chapais,CA,49.7834,-74.8492,11.98,95,100,8.03,light snow,22-02-11 23:47:28
20,Poum,NC,-20.2333,164.0167,80.87,79,100,7.96,overcast clouds,22-02-11 23:43:58
21,Sribne,UA,50.6638,32.9187,31.68,93,100,5.08,overcast clouds,22-02-11 23:47:29
22,Arraial Do Cabo,BR,-22.9661,-42.0278,73.36,85,100,2.3,overcast clouds,22-02-11 23:47:30
23,Georgetown,MY,5.4112,100.3354,76.95,91,20,2.3,few clouds,22-02-11 23:47:10
24,Namibe,AO,-15.1961,12.1522,75.97,83,92,3.69,overcast clouds,22-02-11 23:44:28
25,Kaduna,NG,10.5222,7.4383,64.94,15,4,8.93,clear sky,22-02-11 23:47:31
26,Tuktoyaktuk,CA,69.4541,-133.0374,-22.0,69,75,6.91,broken clouds,22-02-11 23:47:32
27,Jamestown,US,42.097,-79.2353,45.09,64,100,20.71,overcast clouds,22-02-11 23:47:32
28,Busselton,AU,-33.65,115.3333,68.86,75,16,7.45,few clouds,22-02-11 23:47:33
29,Nome,US,64.5011,-165.4064,-0.33,50,0,17.27,clear sky,22-02-11 23:43:14
30,Kodinsk,RU,58.6881,99.1844,-24.09,100,61,0.94,broken clouds,22-02-11 23:47:34
31,Qaanaaq,GL,77.484,-69.3632,-23.55,56,0,7.43,clear sky,22-02-11 23:42:39
32,Ribeira Grande,PT,38.5167,-28.7,60.12,73,100,10.85,overcast clouds,22-02-11 23:43:31
33,Hofn,IS,64.2539,-15.2082,27.43,78,100,21.34,overcast clouds,22-02-11 23:44:35
34,Karaton,ID,-6.3424,106.1045,77.16,92,100,2.13,overcast clouds,22-02-11 23:47:35
35,Rikitea,PF,-23.1203,-134.9692,79.32,73,1,16.62,clear sky,22-02-11 23:47:36
36,Hornbaek,DK,56.0854,12.4505,34.09,89,0,13.11,clear sky,22-02-11 23:47:37
37,Saskylakh,RU,71.9167,114.0833,6.98,90,98,14.88,overcast clouds,22-02-11 23:47:37
38,Narrabri,AU,-30.3167,149.7833,78.53,50,1,12.66,clear sky,22-02-11 23:47:38
39,Hobart,AU,-42.8794,147.3294,64.22,62,46,4.29,scattered clouds,22-02-11 23:47:33
40,Airai,TL,-8.9266,125.4092,66.24,85,99,1.9,overcast clouds,22-02-11 23:47:38
41,Provideniya,RU,64.3833,-173.3,-12.59,87,6,8.12,clear sky,22-02-11 23:47:39
42,Palasa,IN,18.7667,84.4167,66.87,85,38,6.62,scattered clouds,22-02-11 23:47:39
43,Souillac,MU,-20.5167,57.5167,75.36,94,20,5.75,few clouds,22-02-11 23:42:40
44,Kenai,US,60.5544,-151.2583,29.03,74,100,18.41,overcast clouds,22-02-11 23:47:40
45,Altay,CN,47.8667,88.1167,-0.04,71,15,8.43,few clouds,22-02-11 23:47:41
46,Kulhudhuffushi,MV,6.6221,73.07,81.48,72,87,7.58,overcast clouds,22-02-11 23:47:41
47,Esperance,AU,-33.8667,121.9,75.04,94,100,2.01,heavy intensity rain,22-02-11 23:44:40
48,Nemuro,JP,43.3236,145.575,18.03,75,80,6.44,broken clouds,22-02-11 23:47:42
49,Mataura,NZ,-46.1927,168.8643,58.48,54,90,9.98,overcast clouds,22-02-11 23:47:43
50,Upernavik,GL,72.7868,-56.1549,-9.72,75,100,16.42,overcast clouds,22-02-11 23:43:59
51,Saint-Paul,RE,-21.0096,55.2707,77.11,82,55,1.23,broken clouds,22-02-11 23:47:43
52,Shenzhen,CN,22.5455,114.0683,67.06,95,21,2.98,few clouds,22-02-11 23:47:44
53,Maniitsoq,GL,65.4167,-52.9,28.04,96,100,16.24,snow,22-02-11 23:43:37
54,New Norfolk,AU,-42.7826,147.0587,63.91,48,19,3.0,few clouds,22-02-11 23:44:05
55,Gweta,BW,-20.1833,25.2333,71.56,73,53,5.95,broken clouds,22-02-11 23:48:30
56,Palana,RU,59.1167,159.9667,-5.6,81,17,4.16,few clouds,22-02-11 23:48:31
57,Kodiak,US,57.79,-152.4072,38.71,87,100,8.05,light rain,22-02-11 23:48:31
58,Albany,US,42.6001,-73.9662,49.95,55,89,10.09,overcast clouds,22-02-11 23:48:32
59,Ruzhyn,UA,49.7228,29.2046,36.9,94,100,15.59,overcast clouds,22-02-11 23:48:32
60,Aswan,EG,24.0934,32.907,52.9,46,0,4.61,clear sky,22-02-11 23:48:33
61,Cherskiy,RU,68.75,161.3,-34.51,99,94,6.71,overcast clouds,22-02-11 23:48:33
62,Bereda,ES,43.2686,-7.5406,44.58,100,100,0.76,overcast clouds,22-02-11 23:48:34
63,Baykit,RU,61.67,96.37,-18.65,98,20,1.57,few clouds,22-02-11 23:48:35
64,Coos Bay,US,43.3665,-124.2179,67.32,74,0,9.22,clear sky,22-02-11 23:45:43
65,Mogadishu,SO,2.0371,45.3438,75.99,78,57,19.73,broken clouds,22-02-11 23:48:35
66,Hasaki,JP,35.7333,140.8333,37.8,52,28,12.68,scattered clouds,22-02-11 23:44:02
67,Santa Cruz De Tenerife,ES,28.4682,-16.2546,70.47,54,2,8.05,clear sky,22-02-11 23:48:36
68,Morondava,MG,-20.2833,44.2833,79.36,85,90,2.13,light rain,22-02-11 23:48:37
69,Acajutla,SV,13.5928,-89.8275,80.11,66,5,6.49,clear sky,22-02-11 23:48:37
70,Baiyin,CN,36.5583,104.2081,20.28,89,100,1.45,overcast clouds,22-02-11 23:48:38
71,Cascas,PE,-7.4833,-78.8167,73.18,76,98,3.04,overcast clouds,22-02-11 23:48:39
72,Elliot Lake,CA,46.3834,-82.6331,30.29,94,89,5.28,overcast clouds,22-02-11 23:48:39
73,Sur,OM,22.5667,59.5289,66.88,58,0,7.45,clear sky,22-02-11 23:45:48
74,Henties Bay,NA,-22.116,14.2845,69.85,87,38,8.7,scattered clouds,22-02-11 23:48:40
75,Dingle,PH,10.9995,122.6711,77.61,89,100,11.05,overcast clouds,22-02-11 23:48:41
76,Kirakira,SB,-10.4544,161.9205,78.98,87,100,4.83,heavy intensity rain,22-02-11 23:48:41
77,Bubaque,GW,11.2833,-15.8333,79.05,70,33,6.62,scattered clouds,22-02-11 23:48:42
78,Lebu,CL,-37.6167,-73.65,59.0,76,0,23.06,clear sky,22-02-11 23:48:42
79,Port Alfred,ZA,-33.5906,26.891,70.81,87,3,4.72,clear sky,22-02-11 23:48:43
80,Faanui,PF,-16.4833,-151.75,82.02,70,59,13.91,broken clouds,22-02-11 23:45:21
81,Atuona,PF,-9.8,-139.0333,77.92,75,3,11.95,clear sky,22-02-11 23:44:18
82,Mozarlandia,BR,-14.7447,-50.5706,71.15,93,77,2.62,broken clouds,22-02-11 23:48:45
83,Kaitangata,NZ,-46.2817,169.8464,57.92,65,86,6.33,overcast clouds,22-02-11 23:48:45
84,Haines Junction,CA,60.7522,-137.5108,26.55,68,100,3.44,overcast clouds,22-02-11 23:48:46
85,Herat,AF,34.5,62.0,39.99,60,53,10.58,broken clouds,22-02-11 23:48:47
86,Luohe,CN,33.5717,114.0353,36.09,87,25,0.56,scattered clouds,22-02-11 23:48:48
87,Vardo,NO,70.3705,31.1107,31.75,77,98,31.81,overcast clouds,22-02-11 23:48:48
88,Alyangula,AU,-13.8483,136.4192,85.87,84,40,9.22,scattered clouds,22-02-11 23:48:49
89,Yellowknife,CA,62.456,-114.3525,-7.08,71,40,3.44,scattered clouds,22-02-11 23:48:03
90,Abu Samrah,SY,35.3029,37.1841,45.03,80,0,5.99,clear sky,22-02-11 23:46:17
91,Kudahuvadhoo,MV,2.6708,72.8944,80.89,67,42,0.36,scattered clouds,22-02-11 23:48:50
92,Hermanus,ZA,-34.4187,19.2345,64.9,89,1,7.7,clear sky,22-02-11 23:48:51
93,Khani,GE,41.9563,42.9566,26.17,78,14,7.7,few clouds,22-02-11 23:48:51
94,Marzuq,YE,14.4,46.4667,60.26,47,14,3.27,few clouds,22-02-11 23:48:52
95,Bilma,NE,18.6853,12.9164,61.34,24,0,7.02,clear sky,22-02-11 23:48:52
96,East London,ZA,-33.0153,27.9116,72.43,86,63,4.94,broken clouds,22-02-11 23:48:53
97,Beringovskiy,RU,63.05,179.3167,-22.45,93,32,10.54,scattered clouds,22-02-11 23:45:09
98,Gornoye Loo,RU,43.7129,39.6049,37.18,71,1,7.25,clear sky,22-02-11 23:48:54
99,Torbay,CA,47.6666,-52.7314,36.57,82,0,23.02,clear sky,22-02-11 23:48:54
100,Bluff,NZ,-46.6,168.3333,58.8,66,55,19.22,broken clouds,22-02-11 23:48:55
101,Monywa,MM,22.1167,95.1333,60.69,51,8,5.7,clear sky,22-02-11 23:48:55
102,Washington,US,47.5001,-120.5015,54.09,47,34,2.75,scattered clouds,22-02-11 23:44:55
103,Yei,SS,4.095,30.6779,73.71,36,68,1.28,broken clouds,22-02-11 23:48:56
104,Butaritari,KI,3.0707,172.7902,81.86,78,80,16.11,light rain,22-02-11 23:47:55
105,Itarema,BR,-2.9248,-39.9167,78.6,79,81,10.04,broken clouds,22-02-11 23:48:57
106,Kraslava,LV,55.8951,27.168,27.66,95,100,6.55,overcast clouds,22-02-11 23:48:57
107,Nikolskoye,RU,59.7035,30.7861,24.69,93,29,8.41,scattered clouds,22-02-11 23:48:58
108,Bardiyah,LY,31.7561,25.0865,53.65,67,0,5.37,clear sky,22-02-11 23:48:58
109,Bathsheba,BB,13.2167,-59.5167,77.61,65,40,19.57,scattered clouds,22-02-11 23:49:44
110,Nagapattinam,IN,10.7667,79.8333,75.38,90,96,10.87,overcast clouds,22-02-11 23:49:45
111,Shitanjing,CN,39.2342,106.3439,18.73,69,100,4.05,overcast clouds,22-02-11 23:49:31
112,Pangnirtung,CA,66.1451,-65.7125,5.0,47,100,6.91,overcast clouds,22-02-11 23:49:45
113,Sao Filipe,CV,14.8961,-24.4956,78.84,48,56,13.15,broken clouds,22-02-11 23:45:55
114,Tazovskiy,RU,67.4667,78.7,-6.54,83,100,11.63,overcast clouds,22-02-11 23:48:11
115,Yulara,AU,-25.2406,130.9889,78.64,34,0,12.66,clear sky,22-02-11 23:49:47
116,Juegang,CN,32.3174,121.1855,45.91,79,85,8.52,overcast clouds,22-02-11 23:49:47
117,Saint-Philippe,RE,-21.3585,55.7679,76.59,71,20,6.31,few clouds,22-02-11 23:47:22
118,Stornoway,GB,58.2093,-6.3865,44.56,93,100,42.57,light rain,22-02-11 23:49:48
119,Pevek,RU,69.7008,170.3133,-28.88,99,99,6.26,overcast clouds,22-02-11 23:48:04
120,Hirara,JP,24.8,125.2833,66.47,94,75,8.05,broken clouds,22-02-11 23:49:49
121,Grand Gaube,MU,-20.0064,57.6608,75.38,82,64,1.99,broken clouds,22-02-11 23:48:42
122,Aklavik,CA,68.2191,-135.0107,-13.97,70,20,5.75,few clouds,22-02-11 23:49:50
123,Sao Miguel Do Araguaia,BR,-13.275,-50.1628,70.93,95,66,2.86,broken clouds,22-02-11 23:47:24
124,Norman Wells,CA,65.282,-126.8329,-11.16,77,20,2.3,few clouds,22-02-11 23:49:51
125,Komotini,GR,41.1228,25.3964,38.75,83,0,1.97,clear sky,22-02-11 23:49:52
126,Brighton,GB,50.8284,-0.1395,44.82,77,93,7.0,overcast clouds,22-02-11 23:47:46
127,Palmeirais,BR,-5.9778,-43.0633,73.89,94,99,1.03,overcast clouds,22-02-11 23:49:52
128,Tefe,BR,-3.3542,-64.7114,74.32,97,100,2.44,overcast clouds,22-02-11 23:49:53
129,Avarua,CK,-21.2078,-159.775,84.25,74,44,10.36,scattered clouds,22-02-11 23:49:53
130,Nipawin,CA,53.3668,-104.0009,-11.16,77,75,8.05,broken clouds,22-02-11 23:49:54
131,Pangoa,PE,-12.1167,-73.0,69.24,99,84,0.94,light rain,22-02-11 23:49:55
132,Cabo San Lucas,MX,22.8909,-109.9124,74.61,63,0,1.05,clear sky,22-02-11 23:49:24
133,Erzurum,TR,40.0,41.5,8.28,81,54,3.8,broken clouds,22-02-11 23:49:55
134,Los Llanos De Aridane,ES,28.6585,-17.9182,64.15,38,0,8.99,clear sky,22-02-11 23:47:17
135,Lompoc,US,34.6391,-120.4579,86.14,27,0,9.22,clear sky,22-02-11 23:46:08
136,Talnakh,RU,69.4865,88.3972,-11.72,87,91,9.91,overcast clouds,22-02-11 23:48:30
137,Kitui,KE,-1.367,38.0106,61.97,82,72,2.42,broken clouds,22-02-11 23:49:57
138,Delta Del Tigre,UY,-34.7633,-56.3853,71.71,81,86,22.26,overcast clouds,22-02-11 23:49:59
139,Port Lincoln,AU,-34.7333,135.8667,70.27,62,0,13.4,clear sky,22-02-11 23:48:31
140,Walvis Bay,NA,-22.9575,14.5053,70.09,83,10,4.61,clear sky,22-02-11 23:50:00
141,Redmond,US,47.674,-122.1215,54.05,76,43,7.0,scattered clouds,22-02-11 23:45:50
142,Carnarvon,AU,-24.8667,113.6333,78.87,73,40,3.44,scattered clouds,22-02-11 23:48:03
143,San Policarpo,PH,12.1791,125.5072,76.91,93,100,13.42,moderate rain,22-02-11 23:50:02
144,Riyadh,SA,24.6877,46.7219,57.34,46,3,11.68,clear sky,22-02-11 23:46:10
145,Hilo,US,19.7297,-155.09,78.8,73,10,3.0,clear sky,22-02-11 23:47:03
146,Argentan,FR,48.75,-0.0167,35.37,85,100,5.75,overcast clouds,22-02-11 23:50:03
147,Ulaangom,MN,49.9811,92.0667,-28.19,92,94,2.91,overcast clouds,22-02-11 23:50:04
148,Kurchum,KZ,48.5722,83.6542,0.14,95,98,2.62,overcast clouds,22-02-11 23:50:05
149,Pemba,MZ,-12.974,40.5178,75.63,88,100,5.55,overcast clouds,22-02-11 23:50:05
150,Mandalgovi,MN,45.7625,106.2708,-7.49,76,51,3.42,broken clouds,22-02-11 23:50:06
151,Husavik,IS,66.0449,-17.3389,22.91,87,99,8.41,overcast clouds,22-02-11 23:50:06
152,Kununurra,AU,-15.7667,128.7333,78.78,89,18,8.05,few clouds,22-02-11 23:50:07
153,Rio Grande,BR,-32.035,-52.0986,77.11,84,3,19.24,clear sky,22-02-11 23:50:08
154,Thompson,CA,55.7435,-97.8558,-14.64,58,20,6.91,few clouds,22-02-11 23:50:08
155,Saint Anthony,US,45.0205,-93.218,13.24,61,75,19.57,broken clouds,22-02-11 23:50:09
156,Bandarbeyla,SO,9.4942,50.8122,74.68,57,60,13.11,broken clouds,22-02-11 23:50:09
157,Madarounfa,NE,13.3087,7.156,63.37,14,2,10.83,clear sky,22-02-11 23:50:10
158,Biltine,TD,14.5333,20.9167,66.04,14,4,11.39,clear sky,22-02-11 23:50:11
159,Khatanga,RU,71.9667,102.5,0.01,82,82,14.38,broken clouds,22-02-11 23:50:11
160,Rocha,UY,-34.4833,-54.3333,69.85,93,85,6.89,moderate rain,22-02-11 23:45:26
161,Athabasca,CA,54.7169,-113.2854,24.49,79,100,5.75,overcast clouds,22-02-11 23:45:42
162,Bethel,US,41.3712,-73.414,48.02,61,66,9.57,broken clouds,22-02-11 23:50:13
163,Geraldton,AU,-28.7667,114.6,75.61,78,75,5.75,broken clouds,22-02-11 23:47:31
164,Mount Gambier,AU,-37.8333,140.7667,66.11,59,0,14.97,clear sky,22-02-11 23:50:27
165,Puerto Carreno,CO,6.189,-67.4859,91.38,43,20,6.91,few clouds,22-02-11 23:50:59
166,Hamilton,US,39.1834,-84.5333,51.73,76,100,7.0,overcast clouds,22-02-11 23:48:11
167,Bolshaya Rechka,RU,51.9503,104.7355,-22.76,97,97,3.83,overcast clouds,22-02-11 23:51:00
168,Urozhaynoye,RU,44.7883,44.9228,36.48,85,40,5.82,scattered clouds,22-02-11 23:51:01
169,Sapernoye,RU,60.7167,29.9505,22.66,95,47,7.23,scattered clouds,22-02-11 23:51:01
170,Lagoa,PT,39.05,-27.9833,59.56,76,100,14.29,overcast clouds,22-02-11 23:51:02
171,Barrow,US,71.2906,-156.7887,-32.78,100,0,4.61,haze,22-02-11 23:51:02
172,Vangaindrano,MG,-23.35,47.6,74.32,91,25,2.8,light rain,22-02-11 23:51:03
173,Lata,PT,40.1629,-8.3327,52.05,93,100,0.58,overcast clouds,22-02-11 23:51:03
174,Senador Jose Porfirio,BR,-2.5908,-51.9542,76.28,88,100,3.38,overcast clouds,22-02-11 23:51:04
175,Tiksi,RU,71.6872,128.8694,-12.1,92,99,17.47,overcast clouds,22-02-11 23:49:56
176,Clyde River,CA,70.4692,-68.5914,-16.37,76,100,32.21,snow,22-02-11 23:48:48
177,Banes,CU,20.9625,-75.7186,76.06,74,4,9.24,clear sky,22-02-11 23:51:05
178,Cortez,US,37.3489,-108.5859,57.96,18,0,17.27,clear sky,22-02-11 23:51:06
179,Port Blair,IN,11.6667,92.75,75.24,94,40,1.14,mist,22-02-11 23:51:07
180,Srednekolymsk,RU,67.45,153.6833,-33.18,98,38,6.51,scattered clouds,22-02-11 23:50:43
181,Te Anau,NZ,-45.4167,167.7167,64.35,47,97,4.65,overcast clouds,22-02-11 23:51:07
182,Gamboula,CF,4.1178,15.1393,70.02,23,83,1.19,broken clouds,22-02-11 23:51:08
183,Kavieng,PG,-2.5744,150.7967,83.55,68,97,2.98,overcast clouds,22-02-11 23:48:35
184,Krasnoselkup,RU,65.7,82.4667,-11.36,85,9,9.04,clear sky,22-02-11 23:51:09
185,Humaita,BR,-7.5061,-63.0208,75.09,96,96,2.59,moderate rain,22-02-11 23:51:09
186,Port Hawkesbury,CA,45.6169,-61.3485,33.19,87,0,0.0,clear sky,22-02-11 23:51:11
187,Bredasdorp,ZA,-34.5322,20.0403,69.12,73,15,3.44,few clouds,22-02-11 23:51:11
188,Dutlwe,BW,-23.9833,23.9,71.15,52,11,7.78,few clouds,22-02-11 23:51:12
189,Ulverstone,AU,-41.15,146.1667,68.29,53,20,6.58,few clouds,22-02-11 23:51:12
190,Tomatlan,MX,19.9333,-105.25,81.03,37,43,8.57,scattered clouds,22-02-11 23:51:13
191,Mar Del Plata,AR,-38.0023,-57.5575,62.1,78,100,25.01,overcast clouds,22-02-11 23:48:02
192,Bosilegrad,RS,42.5011,22.4724,36.3,80,10,5.97,clear sky,22-02-11 23:51:14
193,Iralaya,HN,15.0,-83.2333,76.93,84,25,8.21,scattered clouds,22-02-11 23:51:14
194,Hithadhoo,MV,-0.6,73.0833,81.18,69,90,8.86,overcast clouds,22-02-11 23:51:15
195,Chambar,PK,25.2931,68.812,63.99,29,0,6.4,clear sky,22-02-11 23:51:15
196,Mundra,IN,22.85,69.7333,66.96,38,1,7.34,clear sky,22-02-11 23:51:16
197,Marawi,PH,7.9986,124.2928,73.45,82,44,0.92,scattered clouds,22-02-11 23:51:17
198,Puerto Leguizamo,CO,-0.1934,-74.7819,78.17,79,100,2.57,heavy intensity rain,22-02-11 23:51:18
199,Maceio,BR,-9.6658,-35.7353,80.04,78,0,8.05,clear sky,22-02-11 23:51:18
200,Svetlyy,RU,54.675,20.1347,35.65,64,51,13.94,broken clouds,22-02-11 23:51:19
201,Maltahohe,NA,-24.8333,16.9833,70.75,66,99,2.66,overcast clouds,22-02-11 23:51:19
202,Saldanha,ZA,-33.0117,17.9442,64.45,93,31,17.43,scattered clouds,22-02-11 23:51:20
203,Bayevo,RU,53.2833,80.7667,-20.6,100,99,5.5,overcast clouds,22-02-11 23:51:20
204,Sidi Ali,DZ,36.0998,0.4206,49.06,87,85,6.91,overcast clouds,22-02-11 23:51:21
205,Hambantota,LK,6.1241,81.1185,76.42,88,99,11.63,overcast clouds,22-02-11 23:51:21
206,Kloulklubed,PW,7.0419,134.2556,82.71,75,40,18.7,scattered clouds,22-02-11 23:51:22
207,Diamantino,BR,-14.4086,-56.4461,73.27,91,75,4.72,heavy intensity rain,22-02-11 23:51:23
208,Ronne,DK,55.1009,14.7066,35.51,69,0,8.05,clear sky,22-02-11 23:51:24
209,Brae,GB,60.3964,-1.353,42.71,77,100,21.23,overcast clouds,22-02-11 23:51:24
210,Bulungu,CD,-4.55,18.6,73.13,84,68,2.15,broken clouds,22-02-11 23:51:25
211,Chengde,CN,40.9725,117.9361,24.62,57,87,2.24,overcast clouds,22-02-11 23:51:26
212,Coahuayana,MX,18.7333,-103.6833,81.23,39,0,5.26,clear sky,22-02-11 23:51:26
213,Dikson,RU,73.5069,80.5464,2.55,82,100,29.28,overcast clouds,22-02-11 23:51:27
214,Myitkyina,MM,25.3833,97.4,54.1,82,5,3.02,clear sky,22-02-11 23:51:27
215,Guerrero Negro,MX,27.9769,-114.0611,73.63,24,0,10.11,clear sky,22-02-11 23:51:28
216,Namatanai,PG,-3.6667,152.4333,83.62,69,100,2.71,light rain,22-02-11 23:51:14
217,Asilah,MA,35.465,-6.0348,55.26,81,0,9.82,clear sky,22-02-11 23:51:29
218,Flin Flon,CA,54.7682,-101.865,-9.56,59,100,4.61,overcast clouds,22-02-11 23:52:14
219,Port-Gentil,GA,-0.7193,8.7815,80.6,81,74,11.1,broken clouds,22-02-11 23:52:15
220,Katsuura,JP,35.1333,140.3,46.11,61,43,12.08,scattered clouds,22-02-11 23:52:15
221,Kandi,BJ,11.1342,2.9386,73.51,13,6,4.85,clear sky,22-02-11 23:52:16
222,Tautira,PF,-17.7333,-149.15,86.02,72,56,12.95,broken clouds,22-02-11 23:52:17
223,Port Augusta,AU,-32.5,137.7667,78.71,27,0,6.87,clear sky,22-02-11 23:52:17
224,Huarmey,PE,-10.0681,-78.1522,72.41,79,90,9.15,overcast clouds,22-02-11 23:52:18
225,Palmer,US,42.1584,-72.3287,47.8,45,75,11.5,broken clouds,22-02-11 23:52:18
226,Kidal,ML,18.4411,1.4078,68.2,12,73,10.13,broken clouds,22-02-11 23:52:19
227,Mago,RU,53.2514,140.1822,19.87,90,100,3.47,overcast clouds,22-02-11 23:52:19
228,Scarborough,GB,54.2797,-0.4044,41.07,81,96,11.99,overcast clouds,22-02-11 23:51:38
229,Buala,SB,-8.145,159.5921,76.15,93,100,3.53,moderate rain,22-02-11 23:52:20
230,San Quintin,MX,30.4833,-115.95,70.12,34,0,7.38,clear sky,22-02-11 23:52:20
231,Port Elizabeth,ZA,-33.918,25.5701,66.18,83,0,3.24,clear sky,22-02-11 23:52:21
232,Sinnamary,GF,5.3833,-52.95,75.92,89,36,10.31,scattered clouds,22-02-11 23:52:21
233,Yar-Sale,RU,66.8333,70.8333,-0.72,82,100,16.78,overcast clouds,22-02-11 23:52:22
234,Vieux Fort,LC,13.7167,-60.95,76.35,69,20,25.32,few clouds,22-02-11 23:52:22
235,Samarai,PG,-10.6167,150.6667,82.96,58,72,12.3,broken clouds,22-02-11 23:52:23
236,Turukhansk,RU,65.8167,87.9833,-21.62,89,10,5.32,clear sky,22-02-11 23:52:23
237,Nandurbar,IN,21.3667,74.25,62.82,35,3,6.44,clear sky,22-02-11 23:52:24
238,Olga,RU,43.7444,135.2892,26.6,76,100,8.86,light snow,22-02-11 23:52:24
239,Bolobo,CD,-2.1667,16.2333,76.5,73,84,3.44,broken clouds,22-02-11 23:52:25
240,Cidreira,BR,-30.1811,-50.2056,74.55,82,0,21.09,clear sky,22-02-11 23:51:24
241,Nokaneng,BW,-19.6667,22.2667,70.23,82,90,2.33,overcast clouds,22-02-11 23:52:26
242,Carbondale,US,37.7273,-89.2168,49.78,87,100,5.75,light rain,22-02-11 23:52:26
243,Puro,PH,12.4841,123.3827,77.29,89,94,11.23,light rain,22-02-11 23:52:27
244,Sozimskiy,RU,59.7418,52.2482,12.45,98,96,4.07,overcast clouds,22-02-11 23:52:27
245,Naze,JP,28.3667,129.4833,59.92,66,100,12.28,overcast clouds,22-02-11 23:52:28
246,Novyy Urgal,RU,51.0736,132.5642,-0.15,97,99,2.19,overcast clouds,22-02-11 23:52:28
247,Port Hardy,CA,50.6996,-127.4199,47.75,87,75,4.61,broken clouds,22-02-11 23:52:29
248,Zhangjiakou,CN,40.81,114.8794,24.01,78,99,0.92,light snow,22-02-11 23:48:44
249,Nortelandia,BR,-14.4547,-56.8028,73.9,92,100,3.49,light rain,22-02-11 23:52:29
250,Am Timan,TD,11.0297,20.2827,73.99,15,1,6.17,clear sky,22-02-11 23:52:30
251,Nova Londrina,BR,-22.7658,-52.985,75.63,64,0,6.73,clear sky,22-02-11 23:52:30
252,Sandpoint,US,48.2766,-116.5533,48.96,60,0,0.0,clear sky,22-02-11 23:48:23
253,Korla,CN,41.7597,86.1469,25.92,48,6,3.67,clear sky,22-02-11 23:52:31
254,Skibbereen,IE,51.55,-9.2667,46.2,90,100,30.27,overcast clouds,22-02-11 23:52:32
255,North Bend,US,43.4065,-124.2243,67.24,59,0,9.22,clear sky,22-02-11 23:52:32
256,Marystown,CA,47.1666,-55.1483,35.85,100,64,1.01,broken clouds,22-02-11 23:49:27
257,Xilagani,GR,40.9833,25.4167,38.59,81,0,3.74,clear sky,22-02-11 23:52:33
258,Peniche,PT,39.3558,-9.3811,60.62,92,100,7.74,overcast clouds,22-02-11 23:52:33
259,Leshukonskoye,RU,64.8989,45.7622,19.89,96,100,6.17,overcast clouds,22-02-11 23:52:34
260,Saravan,AM,39.7196,45.6483,23.65,82,73,6.26,broken clouds,22-02-11 23:52:35
261,Mahebourg,MU,-20.4081,57.7,75.25,94,20,5.75,few clouds,22-02-11 23:52:35
262,Pisco,PE,-13.7,-76.2167,75.25,60,0,21.85,clear sky,22-02-11 23:52:36
263,Matay,EG,28.419,30.7792,50.86,65,0,9.24,clear sky,22-02-11 23:52:36
264,Port Moresby,PG,-9.4431,147.1797,81.82,69,20,11.5,few clouds,22-02-11 23:50:40
265,Challapata,BO,-18.9,-66.7667,55.36,44,46,5.5,scattered clouds,22-02-11 23:52:37
266,Thinadhoo,MV,0.5333,72.9333,81.0,71,99,7.58,overcast clouds,22-02-11 23:52:37
267,Palu,ID,-0.8917,119.8707,76.35,96,100,1.1,overcast clouds,22-02-11 23:52:38
268,Chuy,UY,-33.6971,-53.4616,72.57,86,46,14.63,scattered clouds,22-02-11 23:52:38
269,Caxito,AO,-8.5785,13.6643,71.87,90,80,1.39,broken clouds,22-02-11 23:52:39
270,Avera,US,33.194,-82.5271,63.28,58,26,7.52,scattered clouds,22-02-11 23:50:42
271,Shieli,KZ,44.1667,66.75,29.37,82,86,11.03,overcast clouds,22-02-11 23:52:40
272,Erdenet,MN,49.0333,104.0833,-17.57,100,54,2.57,broken clouds,22-02-11 23:52:40
273,Punta De Piedra,VE,7.6176,-71.4916,78.46,59,76,3.6,broken clouds,22-02-11 23:52:41
274,College,US,64.8569,-147.8028,9.81,73,75,6.91,broken clouds,22-02-11 23:52:41
275,Makakilo City,US,21.3469,-158.0858,79.02,57,0,14.97,clear sky,22-02-11 23:52:42
276,Yarada,IN,17.65,83.2667,73.72,88,75,2.3,mist,22-02-11 23:53:27
277,Skelleftea,SE,64.7507,20.9528,19.76,64,100,4.61,overcast clouds,22-02-11 23:53:28
278,Barranca,PE,-10.75,-77.7667,71.37,78,42,8.93,scattered clouds,22-02-11 23:53:28
279,Jiangyou,CN,31.7667,104.7167,41.65,84,99,0.85,overcast clouds,22-02-11 23:53:29
280,Sukhobezvodnoye,RU,57.0491,44.8891,19.99,97,83,6.35,broken clouds,22-02-11 23:53:29
281,Semey,KZ,50.4111,80.2275,-10.16,99,49,10.13,scattered clouds,22-02-11 23:53:30
282,Nosy Varika,MG,-20.5833,48.5333,73.26,92,77,6.08,broken clouds,22-02-11 23:53:30
283,Coihaique,CL,-45.5752,-72.0662,62.55,48,0,4.61,clear sky,22-02-11 23:53:31
284,Tasiilaq,GL,65.6145,-37.6368,2.79,68,100,3.91,overcast clouds,22-02-11 23:53:31
285,Sa Kaeo,TH,13.75,102.3333,76.41,82,92,3.74,overcast clouds,22-02-11 23:53:32
286,Marsa Matruh,EG,31.3525,27.2453,52.0,66,40,0.0,scattered clouds,22-02-11 23:53:32
287,San Cristobal,VE,7.7669,-72.225,71.78,86,74,1.16,broken clouds,22-02-11 23:53:33
288,Bambous Virieux,MU,-20.3428,57.7575,75.22,94,20,5.75,few clouds,22-02-11 23:49:30
289,Burns Lake,CA,54.2331,-125.7533,33.22,75,100,1.5,overcast clouds,22-02-11 23:50:05
290,Shahr-E Kord,IR,32.3256,50.8644,26.37,93,40,4.61,scattered clouds,22-02-11 23:53:34
291,Sao Joao Da Barra,BR,-21.6403,-41.0511,73.49,92,100,7.74,overcast clouds,22-02-11 23:53:34
292,Port Antonio,JM,18.18,-76.4612,80.51,82,23,10.11,few clouds,22-02-11 23:53:35
293,Banda Aceh,ID,5.5577,95.3222,77.32,79,94,7.49,overcast clouds,22-02-11 23:52:26
294,Espanola,US,35.9911,-106.0806,57.06,46,4,6.08,clear sky,22-02-11 23:53:36
295,Cabedelo,BR,-6.9811,-34.8339,83.07,78,95,10.89,overcast clouds,22-02-11 23:49:18
296,Zhangye,CN,38.9342,100.4517,22.96,47,52,7.09,broken clouds,22-02-11 23:53:36
297,Port Hedland,AU,-20.3167,118.5667,87.85,74,32,9.22,scattered clouds,22-02-11 23:53:37
298,Vega De Alatorre,MX,20.0333,-96.6333,68.67,87,62,3.33,broken clouds,22-02-11 23:53:38
299,Narsaq,GL,60.9167,-46.05,23.81,78,100,6.42,overcast clouds,22-02-11 23:53:38
300,Altamont,US,42.2068,-121.7372,59.9,30,0,4.0,clear sky,22-02-11 23:53:39
301,Abu Dhabi,AE,24.4667,54.3667,68.02,66,0,4.61,clear sky,22-02-11 23:53:39
302,Roald,NO,62.5833,6.1333,39.33,87,75,21.85,broken clouds,22-02-11 23:53:40
303,Noumea,NC,-22.2763,166.4572,87.78,99,77,7.16,broken clouds,22-02-11 23:50:36
304,Grindavik,IS,63.8424,-22.4338,28.87,80,75,14.97,broken clouds,22-02-11 23:53:41
305,San Patricio,US,28.017,-97.5169,73.49,71,12,14.07,few clouds,22-02-11 23:53:42
306,Abu Kamal,SY,34.4506,40.9171,50.45,60,11,10.54,few clouds,22-02-11 23:53:42
307,Nalut,LY,30.3333,10.85,48.2,48,37,8.75,scattered clouds,22-02-11 23:53:43
308,Drayton Valley,CA,53.2168,-114.9854,28.9,53,94,6.98,overcast clouds,22-02-11 23:53:43
309,Zhezkazgan,KZ,47.8043,67.7144,19.85,87,99,18.52,overcast clouds,22-02-11 23:53:44
310,Bengkulu,ID,-3.8004,102.2655,74.34,85,100,4.47,overcast clouds,22-02-11 23:53:44
311,Hovd,MN,48.0056,91.6419,-15.48,86,85,4.07,overcast clouds,22-02-11 23:53:45
312,Beian,NO,63.6559,9.5683,39.0,65,75,34.52,broken clouds,22-02-11 23:53:45
313,Comodoro Rivadavia,AR,-45.8667,-67.5,75.06,15,0,12.66,clear sky,22-02-11 23:50:35
314,Santiago,CL,-33.4569,-70.6483,81.84,37,20,16.11,few clouds,22-02-11 23:49:59
315,Mangrol,IN,21.1167,70.1167,66.6,38,3,11.32,clear sky,22-02-11 23:53:46
316,Hoquiam,US,46.9809,-123.8893,59.02,69,0,12.66,clear sky,22-02-11 23:51:43
317,Bonthe,SL,7.5264,-12.505,76.75,94,7,4.56,clear sky,22-02-11 23:53:47
318,Mackay,AU,-21.15,149.2,85.68,69,40,6.91,scattered clouds,22-02-11 23:53:48
319,Saint-Pierre,RE,-21.3393,55.4781,76.68,69,100,5.75,overcast clouds,22-02-11 23:53:48
320,Chaozhou,CN,23.6651,116.6379,58.86,87,64,1.23,broken clouds,22-02-11 23:53:49
321,Plettenberg Bay,ZA,-34.0527,23.3716,64.58,82,0,3.27,clear sky,22-02-11 23:53:49
322,Akyab,MM,20.15,92.9,64.2,70,47,10.58,scattered clouds,22-02-11 23:53:50
323,Muros,ES,42.7762,-9.0603,53.24,94,95,1.5,overcast clouds,22-02-11 23:53:51
324,Mayya,RU,61.7333,130.2811,-36.69,99,43,3.31,scattered clouds,22-02-11 23:53:51
325,Porto-Vecchio,FR,41.591,9.2795,49.53,100,0,2.3,clear sky,22-02-11 23:53:51
326,Kieta,PG,-6.2167,155.6333,79.61,84,100,1.01,overcast clouds,22-02-11 23:50:53
327,Manzanillo,CU,20.3433,-77.1167,79.0,70,54,2.51,broken clouds,22-02-11 23:49:00
328,Isangel,VU,-19.55,169.2667,86.11,74,75,4.61,broken clouds,22-02-11 23:49:22
329,Kisangani,CD,0.5167,25.2,72.61,73,82,2.28,broken clouds,22-02-11 23:53:53
330,Ringebu,NO,61.5167,10.1667,0.7,100,78,0.67,broken clouds,22-02-11 23:53:53
331,Shirokiy,RU,49.758,129.523,3.87,94,100,9.26,overcast clouds,22-02-11 23:54:39
332,Acurenam,GQ,1.0322,10.6488,69.04,97,20,3.71,few clouds,22-02-11 23:54:40
333,Tutoia,BR,-2.7619,-42.2744,82.38,82,100,9.86,moderate rain,22-02-11 23:54:40
334,Neuquen,AR,-38.9516,-68.0591,76.89,27,0,6.91,clear sky,22-02-11 23:54:41
335,Fowa,NG,8.9167,6.4,76.03,12,54,5.14,broken clouds,22-02-11 23:54:41
336,Gao,ML,16.6362,1.637,69.22,12,2,10.36,clear sky,22-02-11 23:54:42
337,Zhaotong,CN,27.3167,103.7167,31.1,88,90,5.17,overcast clouds,22-02-11 23:54:42
338,Broken Hill,AU,-31.95,141.4333,69.51,40,0,14.97,clear sky,22-02-11 23:54:43
339,Ancud,CL,-41.8697,-73.8203,60.42,68,4,4.52,clear sky,22-02-11 23:54:43
340,Porangatu,BR,-13.4408,-49.1486,71.46,93,57,1.97,broken clouds,22-02-11 23:54:44
341,Petropavlovsk-Kamchatskiy,RU,53.0452,158.6483,3.79,66,0,8.95,clear sky,22-02-11 23:54:45
342,Kaeo,NZ,-35.1,173.7833,77.32,98,96,14.45,overcast clouds,22-02-11 23:54:45
343,Pacific Grove,US,36.6177,-121.9166,80.35,46,27,4.0,scattered clouds,22-02-11 23:54:46
344,Tyler,US,32.3513,-95.3011,73.45,27,0,12.66,clear sky,22-02-11 23:51:10
345,Dawson Creek,CA,55.7666,-120.2362,38.84,30,20,9.22,few clouds,22-02-11 23:54:47
346,Vostok,RU,46.4856,135.8833,18.28,94,100,1.86,light snow,22-02-11 23:54:47
347,Kruisfontein,ZA,-34.0033,24.7314,61.2,86,0,1.41,clear sky,22-02-11 23:54:48
348,Vao,NC,-22.6667,167.4833,80.8,82,97,15.39,overcast clouds,22-02-11 23:54:48
349,La Mana,EC,-0.9333,-79.2167,88.81,93,63,2.71,light rain,22-02-11 23:54:49
350,Sao Felix Do Xingu,BR,-6.6447,-51.995,72.48,97,64,1.34,heavy intensity rain,22-02-11 23:54:49
351,Santa Cruz,BO,-17.8,-63.1667,86.05,58,75,9.22,broken clouds,22-02-11 23:54:50
352,Kaitong,CN,44.8135,123.15,-5.66,98,87,2.95,overcast clouds,22-02-11 23:54:50
353,Komsomolskiy,UZ,40.4272,71.7189,40.42,65,40,6.91,light rain,22-02-11 23:54:51
354,Lorengau,PG,-2.0226,147.2712,83.48,75,100,5.1,overcast clouds,22-02-11 23:54:51
355,Kusu,JP,33.2831,131.1514,41.2,68,100,2.39,overcast clouds,22-02-11 23:54:52
356,Meulaboh,ID,4.1363,96.1285,75.33,85,99,2.8,overcast clouds,22-02-11 23:54:52
357,Constitucion,CL,-35.3333,-72.4167,59.45,68,0,11.05,clear sky,22-02-11 23:54:53
358,Maumere,ID,-8.6199,122.2111,80.01,81,100,1.66,light rain,22-02-11 23:54:53
359,Arman,RU,59.7,150.1667,-0.38,78,85,5.93,overcast clouds,22-02-11 23:54:54
360,Porto Novo,BJ,6.4965,2.6036,84.02,89,5,6.24,clear sky,22-02-11 23:54:54
361,San Miguelito,PA,9.0333,-79.5,84.54,64,20,14.97,few clouds,22-02-11 23:54:55
362,At-Bashi,KG,41.1702,75.8106,9.75,86,92,2.46,overcast clouds,22-02-11 23:54:55
363,Luderitz,NA,-26.6481,15.1594,75.97,64,94,11.03,overcast clouds,22-02-11 23:54:56
364,Yerbogachen,RU,61.2767,108.0108,-8.73,99,100,2.75,overcast clouds,22-02-11 23:54:56
365,Evensk,RU,61.95,159.2333,-7.89,75,30,4.97,scattered clouds,22-02-11 23:52:09
366,Victoria,HK,22.2855,114.1577,67.17,91,35,3.0,scattered clouds,22-02-11 23:52:51
367,Batagay,RU,67.6333,134.6333,-29.15,97,91,3.2,overcast clouds,22-02-11 23:54:57
368,Jalu,LY,29.0331,21.5482,52.07,53,0,6.15,clear sky,22-02-11 23:54:58
369,Jumla,NP,29.2747,82.1838,19.02,66,0,8.59,clear sky,22-02-11 23:54:36
370,Kousseri,CM,12.0769,15.0306,71.56,15,4,8.05,clear sky,22-02-11 23:54:59
371,Sudbury,CA,46.49,-80.99,33.06,91,99,10.38,overcast clouds,22-02-11 23:53:21
372,Bilibino,RU,68.0546,166.4372,-31.58,97,39,0.96,scattered clouds,22-02-11 23:54:59
373,Verkhoyansk,RU,67.5447,133.385,-25.19,96,97,1.61,overcast clouds,22-02-11 23:55:00
374,Maragogi,BR,-9.0122,-35.2225,80.24,76,91,10.71,overcast clouds,22-02-11 23:55:00
375,Xuddur,SO,4.1213,43.8894,66.54,69,34,15.12,scattered clouds,22-02-11 23:55:01
376,Great Yarmouth,GB,52.6083,1.7305,37.24,82,64,14.67,broken clouds,22-02-11 23:55:01
377,Touros,BR,-5.1989,-35.4608,83.3,80,92,7.81,light rain,22-02-11 23:55:02
378,Port Macquarie,AU,-31.4333,152.9167,73.36,94,75,6.91,broken clouds,22-02-11 23:55:02
379,Dunedin,NZ,-45.8742,170.5036,61.81,64,100,5.01,overcast clouds,22-02-11 23:54:06
380,Placido De Castro,BR,-10.3353,-67.1856,74.66,96,74,2.84,heavy intensity rain,22-02-11 23:55:03
381,Dzhebariki-Khaya,RU,62.2167,135.8,-38.31,100,69,0.92,broken clouds,22-02-11 23:55:04
382,Filadelfia,US,39.9523,-75.1638,56.08,43,20,10.36,few clouds,22-02-11 23:50:16
383,Iquitos,PE,-3.7481,-73.2472,75.24,100,75,4.61,broken clouds,22-02-11 23:53:14
384,Batagay-Alyta,RU,67.8006,130.4114,-23.04,88,86,5.26,overcast clouds,22-02-11 23:55:05
385,Havre-Saint-Pierre,CA,50.2334,-63.5986,23.0,79,0,12.66,clear sky,22-02-11 23:55:05
386,Deputatskiy,RU,69.3,139.9,-17.16,96,98,5.73,overcast clouds,22-02-11 23:55:06
387,Rincon,US,32.296,-81.2354,61.25,60,100,4.74,overcast clouds,22-02-11 23:54:34
388,El Alto,PE,-4.2714,-81.2147,71.33,75,33,13.4,scattered clouds,22-02-11 23:54:50
389,Dharchula,IN,29.85,80.5333,41.36,28,0,10.38,clear sky,22-02-11 23:55:52
390,Opuwo,NA,-18.0607,13.84,68.07,90,99,5.55,light rain,22-02-11 23:55:53
391,Saint George,US,37.1041,-113.5841,72.43,15,0,1.99,clear sky,22-02-11 23:51:02
392,Doha,QA,25.2867,51.5333,67.89,73,0,8.05,clear sky,22-02-11 23:55:53
393,Mancio Lima,BR,-7.6142,-72.8958,75.0,90,96,3.67,overcast clouds,22-02-11 23:55:54
394,Belmonte,BR,-15.8631,-38.8828,81.1,85,33,4.85,scattered clouds,22-02-11 23:55:54
395,Manokwari,ID,-0.8667,134.0833,80.92,73,99,1.32,overcast clouds,22-02-11 23:53:13
396,Fajardo,PR,18.3258,-65.6524,76.98,78,13,15.05,few clouds,22-02-11 23:55:31
397,Tiznit,MA,29.5833,-9.5,53.82,52,1,4.21,clear sky,22-02-11 23:55:55
398,Ussel,FR,45.55,2.3167,27.09,79,26,3.76,scattered clouds,22-02-11 23:55:56
399,Baoshan,CN,46.5586,131.4244,9.5,90,100,6.58,overcast clouds,22-02-11 23:55:56
400,Laguna De Duero,ES,41.5815,-4.7233,45.39,81,0,6.91,clear sky,22-02-11 23:55:57
401,Graham,US,47.0529,-122.2943,53.47,77,0,4.61,clear sky,22-02-11 23:50:59
402,George,ZA,-33.963,22.4617,62.15,94,75,2.3,broken clouds,22-02-11 23:55:58
403,Calama,CL,-22.4667,-68.9333,68.49,17,0,20.71,clear sky,22-02-11 23:55:59
404,Martinsburg,US,39.4562,-77.9639,60.64,35,71,11.41,broken clouds,22-02-11 23:53:40
405,Vincennes,FR,48.85,2.4333,38.89,84,0,3.44,clear sky,22-02-11 23:55:59
406,Makat,KZ,47.6469,53.3463,30.16,94,100,9.55,overcast clouds,22-02-11 23:56:00
407,Trincomalee,LK,8.5711,81.2335,78.44,84,100,10.63,moderate rain,22-02-11 23:56:00
408,Amahai,ID,-3.3333,128.9167,82.27,73,84,2.39,broken clouds,22-02-11 23:56:01
409,Guadalajara,MX,20.6667,-103.3333,71.82,27,0,3.0,clear sky,22-02-11 23:53:20
410,Aksu,CN,41.1231,80.2644,24.71,44,48,4.99,scattered clouds,22-02-11 23:56:02
411,Fortuna,US,40.5982,-124.1573,73.42,60,0,9.22,clear sky,22-02-11 23:56:02
412,Usinsk,RU,65.9939,57.5281,9.41,86,100,14.0,overcast clouds,22-02-11 23:56:03
413,Los Alamos,US,35.8881,-106.307,48.69,34,0,8.05,clear sky,22-02-11 23:53:36
414,Labuhan,ID,-6.8844,112.2051,76.69,88,100,5.01,overcast clouds,22-02-11 23:56:03
415,Awjilah,LY,29.1081,21.2869,51.89,54,0,5.61,clear sky,22-02-11 23:53:59
416,Zhigansk,RU,66.7697,123.3711,-33.34,100,97,4.56,overcast clouds,22-02-11 23:56:04
417,Bosaso,SO,11.2842,49.1816,72.95,71,72,5.23,broken clouds,22-02-11 23:56:05
418,Ekibastuz,KZ,51.6667,75.3667,-5.21,94,20,12.5,few clouds,22-02-11 23:56:05
419,Khasan,RU,42.4308,130.6434,22.33,51,41,16.62,scattered clouds,22-02-11 23:56:06
420,Ratnapura,LK,6.6828,80.3992,73.47,95,100,1.45,overcast clouds,22-02-11 23:56:06
421,Harrisonburg,US,38.4496,-78.8689,58.41,36,100,6.91,overcast clouds,22-02-11 23:55:56
422,Hamamatsu,JP,34.7,137.7333,43.02,72,62,3.0,broken clouds,22-02-11 23:56:07
423,Portland,US,45.5234,-122.6762,67.37,29,20,21.85,few clouds,22-02-11 23:52:11
424,North Platte,US,41.1239,-100.7654,30.99,57,84,14.0,broken clouds,22-02-11 23:56:08
425,Cockburn Town,TC,21.4612,-71.1419,76.96,73,40,17.27,scattered clouds,22-02-11 23:54:32
426,Veinticinco De Mayo,AR,-35.4323,-60.1727,57.06,94,100,3.0,moderate rain,22-02-11 23:56:09
427,Vanimo,PG,-2.6741,141.3028,79.65,84,100,3.22,overcast clouds,22-02-11 23:54:43
428,Wenling,CN,28.3669,121.36,47.91,91,100,10.96,overcast clouds,22-02-11 23:56:10
429,San Carlos De Bariloche,AR,-41.1456,-71.3082,73.15,11,0,6.91,clear sky,22-02-11 23:56:10
430,Tilichiki,RU,60.4667,166.1,-13.95,84,6,9.4,clear sky,22-02-11 23:56:11
431,Vanavara,RU,60.34,102.2797,-15.39,97,94,1.54,overcast clouds,22-02-11 23:56:11
432,Teruel,ES,40.6667,-0.6667,37.36,79,64,4.23,broken clouds,22-02-11 23:56:12
433,Luba,GQ,3.4568,8.5547,78.69,80,12,5.37,few clouds,22-02-11 23:56:12
434,Asau,RO,46.4333,26.4,36.39,90,61,6.15,broken clouds,22-02-11 23:56:13
435,Bismarck,US,46.8083,-100.7837,9.88,66,0,14.97,clear sky,22-02-11 23:52:02
436,Ciudad Bolivar,VE,8.1222,-63.5497,80.65,62,22,16.24,few clouds,22-02-11 23:52:39
437,Camargo,MX,27.6667,-105.1667,69.24,8,0,4.88,clear sky,22-02-11 23:56:14
438,Tommot,RU,58.9564,126.2925,-16.51,99,99,0.67,overcast clouds,22-02-11 23:56:15
439,Dutse,NG,11.7594,9.3392,61.21,22,20,8.3,few clouds,22-02-11 23:56:15
440,Asekeyevo,RU,53.5742,52.7972,24.48,97,100,6.69,light snow,22-02-11 23:56:15
441,Lima,PE,-12.0432,-77.0282,74.89,69,0,13.8,light rain,22-02-11 23:51:58
442,Williams Lake,CA,52.1415,-122.1445,40.57,53,20,5.75,few clouds,22-02-11 23:56:16
443,Sasayama,JP,35.0667,135.2167,44.37,66,71,2.64,broken clouds,22-02-11 23:56:17
444,Bondowoso,ID,-7.9135,113.8214,74.23,94,100,2.42,overcast clouds,22-02-11 23:56:17
445,Rudsar,IR,37.1376,50.288,44.65,89,100,6.55,overcast clouds,22-02-11 23:57:03
446,Kushiro,JP,42.975,144.3747,22.15,73,75,2.3,broken clouds,22-02-11 23:57:03
447,Seymchan,RU,62.8833,152.4333,-35.97,97,95,0.92,overcast clouds,22-02-11 23:57:04
448,Bjorkelangen,NO,59.8848,11.5694,34.45,73,59,10.11,broken clouds,22-02-11 23:57:04
449,Davila,PH,18.4726,120.5763,71.58,68,93,2.37,overcast clouds,22-02-11 23:57:05
450,Tevaitoa,PF,-16.7833,-151.5,81.21,74,88,14.5,light rain,22-02-11 23:57:05
451,Requena,ES,39.4883,-1.1004,43.72,75,48,2.98,scattered clouds,22-02-11 23:54:29
452,Hanyang,CN,32.1371,105.5126,39.09,86,100,2.42,overcast clouds,22-02-11 23:57:06
453,Havelock,US,34.8791,-76.9013,57.94,84,100,3.0,overcast clouds,22-02-11 23:57:07
454,Kalabo,ZM,-14.97,22.6814,66.16,93,100,2.57,light rain,22-02-11 23:57:07
455,Huanren,CN,41.2647,125.3667,14.02,84,58,2.82,broken clouds,22-02-11 23:57:08
456,Inhambane,MZ,-23.865,35.3833,73.99,79,5,8.25,clear sky,22-02-11 23:57:08
457,Pontes E Lacerda,BR,-15.2261,-59.3353,73.83,95,77,2.15,broken clouds,22-02-11 23:57:09
458,Filingue,NE,14.3521,3.3168,70.03,12,0,9.35,clear sky,22-02-11 23:57:09
459,Chokurdakh,RU,70.6333,147.9167,-4.43,96,100,12.97,overcast clouds,22-02-11 23:57:10
460,Road Town,VG,18.4167,-64.6167,77.04,73,40,13.8,scattered clouds,22-02-11 23:56:25
461,Paamiut,GL,61.994,-49.6678,31.55,74,100,23.02,overcast clouds,22-02-11 23:53:41
462,Tianpeng,CN,30.9866,103.9393,43.27,80,99,1.61,overcast clouds,22-02-11 23:57:11
463,Nova Granada,BR,-20.5339,-49.3142,77.25,95,50,6.58,scattered clouds,22-02-11 23:57:11
464,Kyabram,AU,-36.3167,145.05,78.44,40,3,9.98,clear sky,22-02-11 23:57:12
465,Gympie,AU,-26.1898,152.665,79.3,52,15,9.53,few clouds,22-02-11 23:57:12
466,Eyl,SO,7.9803,49.8164,72.73,66,87,14.23,overcast clouds,22-02-11 23:57:13
467,Hualmay,PE,-11.0964,-77.6139,71.6,80,52,9.84,broken clouds,22-02-11 23:57:13
468,Harper,LR,4.375,-7.7169,78.48,87,29,5.44,scattered clouds,22-02-11 23:52:27
469,Bo Phloi,TH,14.3236,99.5161,80.31,77,49,3.29,scattered clouds,22-02-11 23:57:14
470,Utete,TZ,-7.986,38.758,73.17,98,96,0.56,overcast clouds,22-02-11 23:57:15
471,Harur,IN,12.0667,78.5,65.41,86,8,2.17,clear sky,22-02-11 23:57:15
472,Bandar-E Lengeh,IR,26.5579,54.8807,67.6,59,0,4.47,clear sky,22-02-11 23:57:16
473,Itoman,JP,26.1247,127.6694,69.82,73,75,11.5,broken clouds,22-02-11 23:57:16
474,Innisfail,AU,-17.5333,146.0333,83.14,63,6,4.34,clear sky,22-02-11 23:57:17
475,Kanniyakumari,IN,8.0833,77.5667,77.83,77,96,15.23,heavy intensity rain,22-02-11 23:53:21
476,Jiexiu,CN,37.0244,111.9125,34.18,52,100,3.2,overcast clouds,22-02-11 23:54:05
477,Golyshmanovo,RU,56.3979,68.3728,-1.44,86,100,16.4,overcast clouds,22-02-11 23:57:18
478,Barra Do Garcas,BR,-15.89,-52.2567,77.58,94,0,0.0,clear sky,22-02-11 23:57:18
479,Orlik,RU,52.5178,99.825,-33.5,98,57,2.3,broken clouds,22-02-11 23:57:19
480,Qasigiannguit,GL,68.8193,-51.1922,23.59,86,100,5.7,overcast clouds,22-02-11 23:57:20
481,Castiglion Fiorentino,IT,43.3428,11.918,48.15,74,95,5.01,overcast clouds,22-02-11 23:57:20
482,Atambua,ID,-9.1061,124.8925,77.79,82,99,1.52,overcast clouds,22-02-11 23:57:21
483,Port Keats,AU,-14.25,129.55,84.42,75,11,4.25,light rain,22-02-11 23:57:21
484,Honningsvag,NO,70.9821,25.9704,30.47,55,99,15.57,snow,22-02-11 23:57:22
485,Chifeng,CN,42.2683,118.9636,14.45,65,100,9.64,overcast clouds,22-02-11 23:57:22
486,Mendi,PG,-6.1761,143.6513,66.61,45,97,2.84,overcast clouds,22-02-11 23:57:23
487,Mosquera,CO,4.7059,-74.2302,60.89,72,40,4.61,scattered clouds,22-02-11 23:57:24
488,Codrington,AU,-38.2667,141.9667,70.88,53,1,11.92,clear sky,22-02-11 23:57:24
489,Dongkan,CN,33.9997,119.8308,39.25,75,25,3.74,scattered clouds,22-02-11 23:57:25
490,Luwuk,ID,-0.9516,122.7875,77.99,89,100,2.06,overcast clouds,22-02-11 23:57:25
491,San Lazaro,BZ,18.0387,-88.6622,82.11,92,55,5.77,broken clouds,22-02-11 23:57:26
492,Klaksvik,FO,62.2266,-6.589,40.12,96,100,27.87,overcast clouds,22-02-11 23:57:26
493,Margate,GB,51.3813,1.3862,42.31,85,97,4.0,overcast clouds,22-02-11 23:57:27
494,Vila Franca Do Campo,PT,37.7167,-25.4333,60.19,75,70,2.19,broken clouds,22-02-11 23:57:27
495,Yumen,CN,40.2833,97.2,23.43,45,87,2.51,overcast clouds,22-02-11 23:57:27
496,Tavricheskoye,RU,54.5851,73.6395,-13.09,99,48,10.54,scattered clouds,22-02-11 23:57:28
497,Fort Nelson,CA,58.8053,-122.7002,6.39,66,100,2.3,overcast clouds,22-02-11 23:57:29
498,Sim,RU,54.993,57.6982,9.05,98,95,3.78,overcast clouds,22-02-11 23:57:29
499,Cayenne,GF,4.9333,-52.3333,78.1,87,75,7.0,broken clouds,22-02-11 23:57:30
500,Aloleng,PH,16.1307,119.7824,78.46,66,16,10.18,few clouds,22-02-11 23:57:30
501,Bolgatanga,GH,10.7856,-0.8514,77.34,13,46,5.79,scattered clouds,22-02-11 23:57:31
502,Inuvik,CA,68.3499,-133.7218,-13.94,70,75,2.3,broken clouds,22-02-11 23:58:16
503,Uchaly,RU,54.2996,59.4521,-8.23,100,48,4.65,scattered clouds,22-02-11 23:58:17
504,Fare,PF,-16.7,-151.0167,81.82,71,60,13.42,broken clouds,22-02-11 23:58:17
505,Amarillo,US,35.222,-101.8313,52.68,37,4,10.0,clear sky,22-02-11 23:58:18
506,Panzhihua,CN,26.5851,101.7128,43.86,80,0,1.95,clear sky,22-02-11 23:58:19
507,Mindelo,CV,16.8901,-24.9804,74.75,60,100,24.16,overcast clouds,22-02-11 23:58:19
508,Kharp,RU,66.8014,65.8081,-10.26,100,100,4.81,overcast clouds,22-02-11 23:58:20
509,Raduzhnyy,RU,62.0961,77.475,-14.15,96,5,7.29,clear sky,22-02-11 23:58:20
510,Taoudenni,ML,22.6783,-3.9836,61.83,24,0,10.94,clear sky,22-02-11 23:58:21
511,Litovko,RU,49.2361,135.1742,8.26,91,100,4.16,overcast clouds,22-02-11 23:58:21
512,Berlevag,NO,70.8578,29.0864,30.33,70,100,21.7,overcast clouds,22-02-11 23:58:22
513,Meadow Lake,US,34.8014,-106.5436,61.57,22,3,10.74,clear sky,22-02-11 23:58:22
514,Goumenissa,GR,40.9439,22.4442,45.61,79,19,3.83,few clouds,22-02-11 23:58:23
515,Waverly,US,42.7392,-84.6208,37.87,91,100,11.5,overcast clouds,22-02-11 23:58:24
516,Tirumakudal Narsipur,IN,12.21,76.9064,64.22,76,3,4.63,clear sky,22-02-11 23:58:24
517,Karasburg,NA,-28.0167,18.75,79.99,35,100,14.65,overcast clouds,22-02-11 23:58:25
518,Kahului,US,20.8947,-156.47,78.84,74,8,13.0,clear sky,22-02-11 23:58:25
519,Howard Springs,AU,-12.497,131.047,87.82,73,35,5.28,scattered clouds,22-02-11 23:58:26
520,Girne,CY,35.3417,33.3167,54.28,68,0,7.54,clear sky,22-02-11 23:58:27
521,Truckee,US,39.328,-120.1833,61.43,31,0,5.99,clear sky,22-02-11 23:57:59
522,Sigayevo,RU,56.4216,53.7757,14.61,98,97,5.03,light snow,22-02-11 23:58:27
523,Waddan,LY,29.1614,16.139,50.56,49,0,8.34,clear sky,22-02-11 23:58:28
524,Priekule,LV,56.4468,21.5897,33.19,71,33,7.85,scattered clouds,22-02-11 23:58:28
525,Trairi,BR,-3.2778,-39.2689,77.43,83,44,6.71,scattered clouds,22-02-11 23:58:29
526,Krasnoarmeysk,RU,51.0239,45.6969,34.07,97,100,20.15,light snow,22-02-11 23:58:29
527,Tagusao,PH,9.1924,117.8141,79.61,80,66,4.21,broken clouds,22-02-11 23:58:30
528,Igarka,RU,67.4667,86.5833,-23.3,96,62,6.06,broken clouds,22-02-11 23:58:30
529,Sao Jose Da Coroa Grande,BR,-8.8978,-35.1478,80.13,77,85,10.27,overcast clouds,22-02-11 23:58:00
530,Kalmunai,LK,7.4167,81.8167,76.42,88,100,2.66,overcast clouds,22-02-11 23:58:31
531,Taltal,CL,-25.4,-70.4833,68.97,75,4,5.3,clear sky,22-02-11 23:58:32
532,Cordoba,AR,-31.4135,-64.1811,65.25,86,75,16.11,broken clouds,22-02-11 23:58:32
533,Talcahuano,CL,-36.7167,-73.1167,69.48,49,0,14.97,clear sky,22-02-11 23:58:33
534,Nong Kung Si,TH,16.65,103.3,79.93,99,88,6.73,overcast clouds,22-02-11 23:58:33
535,Indian Head,US,38.6001,-77.1622,63.52,35,1,1.99,clear sky,22-02-11 23:58:34
536,Matcha,RU,54.6335,42.3501,16.21,97,54,6.91,broken clouds,22-02-11 23:58:34
537,Coquimbo,CL,-29.9533,-71.3436,69.53,64,0,11.5,clear sky,22-02-11 23:58:35
538,Slave Lake,CA,55.2834,-114.769,24.78,58,0,4.61,clear sky,22-02-11 23:58:35
539,Kem,RU,64.9555,34.5793,12.9,93,59,10.47,broken clouds,22-02-11 23:58:36
540,Laguna,US,38.421,-121.4238,77.25,46,40,1.99,scattered clouds,22-02-11 23:58:36
541,Mafinga,TZ,-7.25,35.0667,65.39,96,100,0.67,moderate rain,22-02-11 23:58:37
542,Presidencia Roque Saenz Pena,AR,-26.7852,-60.4388,81.52,36,36,17.98,scattered clouds,22-02-11 23:58:37
543,Amapa,BR,1.0,-52.0,72.43,98,54,2.64,broken clouds,22-02-11 23:58:38
544,Corrente,BR,-3.7367,-43.3394,73.35,96,98,3.31,overcast clouds,22-02-11 23:58:38
545,Pinega,RU,64.7001,43.3936,18.34,98,97,4.72,light snow,22-02-11 23:58:39
546,Staryy Nadym,RU,65.6118,72.6842,-4.76,83,4,16.58,clear sky,22-02-11 23:58:39
547,Kapit,MY,2.0167,112.9333,72.88,100,100,1.48,overcast clouds,22-02-11 23:58:40
548,Tuatapere,NZ,-46.1333,167.6833,58.82,63,64,14.41,broken clouds,22-02-11 23:58:40
549,Yakeshi,CN,49.2833,120.7333,-15.88,99,100,2.57,overcast clouds,22-02-11 23:58:41
550,Bayir,TR,37.2687,28.2167,32.52,69,0,3.38,clear sky,22-02-11 23:58:41
551,Hervey Bay,AU,-25.2986,152.8535,83.03,61,35,19.95,scattered clouds,22-02-11 23:58:42
552,Kyshtovka,RU,56.555,76.6271,-16.91,100,77,5.66,broken clouds,22-02-11 23:58:42
553,Mangan,IN,27.5167,88.5333,43.88,40,0,9.46,clear sky,22-02-11 23:58:43
554,Hami,CN,42.8,93.45,29.14,55,100,4.79,overcast clouds,22-02-11 23:58:43
555,Irtyshskiy,RU,58.3333,68.1333,-1.39,85,79,14.76,broken clouds,22-02-11 23:58:44
556,Mildura,AU,-34.2,142.15,74.07,52,0,9.22,clear sky,22-02-11 23:59:29
557,Boralday,KZ,43.3578,76.8594,26.46,93,100,6.71,mist,22-02-11 23:59:30
558,Bafq,IR,31.6128,55.4107,49.68,31,2,1.86,clear sky,22-02-11 23:59:31
559,Trepuzzi,IT,40.4056,18.0756,51.66,79,97,5.03,overcast clouds,22-02-11 23:59:31
560,Kuching,MY,1.55,110.3333,73.62,100,40,1.14,scattered clouds,22-02-11 23:59:32
561,Alekseyevsk,RU,57.8406,108.3492,-16.69,98,85,2.28,overcast clouds,22-02-11 23:59:32
562,Puerto Escondido,MX,15.85,-97.0667,80.44,63,18,3.56,few clouds,22-02-11 23:59:33
563,Mahon,ES,39.8885,4.2658,45.16,100,0,5.75,clear sky,22-02-11 23:59:33
564,Barcelos,PT,41.5388,-8.6151,54.91,92,100,1.66,overcast clouds,22-02-11 23:54:55
565,Seydi,TM,39.4816,62.9137,38.59,74,100,8.52,overcast clouds,22-02-11 23:59:34
566,Xaxim,BR,-26.9617,-52.5347,74.98,66,12,3.42,few clouds,22-02-11 23:59:35
567,Lavrentiya,RU,65.5833,-171.0,-21.71,91,23,7.7,few clouds,22-02-11 23:59:35
568,Caravelas,BR,-17.7125,-39.2481,75.9,87,47,4.9,scattered clouds,22-02-11 23:59:36
569,Stephenville Crossing,CA,48.5,-58.4318,28.53,69,20,18.41,few clouds,22-02-11 23:59:36
570,San Jose,US,37.3394,-121.895,80.76,36,20,8.05,few clouds,22-02-11 23:56:26
571,Chinsali,ZM,-10.5414,32.0816,61.95,99,100,1.21,moderate rain,22-02-11 23:59:37
572,Izhma,RU,65.0083,53.9113,14.29,90,100,11.79,overcast clouds,22-02-11 23:59:38
573,Najran,SA,17.4924,44.1277,63.25,25,0,2.19,clear sky,22-02-11 23:59:38
574,Letlhakane,BW,-21.4167,25.5833,70.75,43,31,8.95,scattered clouds,22-02-11 23:59:38
575,Adrar,MR,20.5022,-10.0711,60.73,20,51,10.4,broken clouds,22-02-11 23:56:02
576,Mokhsogollokh,RU,61.4681,128.9203,-32.46,100,40,3.44,scattered clouds,22-02-11 23:59:39
577,Alofi,NU,-19.0595,-169.9187,84.09,70,3,16.11,clear sky,22-02-11 23:59:40
578,Swan Hill,AU,-35.3378,143.5544,76.28,42,0,9.26,clear sky,22-02-11 23:59:40
579,Saint-Louis,SN,16.3333,-15.0,80.24,11,50,13.67,scattered clouds,22-02-11 23:59:41
580,Anshun,CN,26.25,105.9333,38.01,91,100,3.49,overcast clouds,22-02-11 23:59:41
581,Cove,BJ,7.221,2.3402,77.52,82,7,3.49,clear sky,22-02-11 23:59:42
582,Tessalit,ML,20.1986,1.0114,64.94,16,2,4.94,clear sky,22-02-11 23:59:42
583,Dicabisagan,PH,17.0818,122.4157,75.06,87,94,5.61,overcast clouds,22-02-11 23:59:43
584,Seymour,US,38.9592,-85.8903,44.65,89,100,1.01,overcast clouds,22-02-11 23:55:51
585,Mondovi,IT,44.396,7.8176,49.14,87,28,0.92,scattered clouds,22-02-11 23:59:44
586,Nelson Bay,AU,-32.7167,152.15,77.05,59,94,5.01,overcast clouds,22-02-11 23:59:44
587,Vagur,FO,61.4732,-6.8119,39.58,96,100,36.1,overcast clouds,22-02-11 23:59:45
588,Koslan,RU,63.4564,48.8989,18.3,95,100,7.09,overcast clouds,22-02-11 23:59:45
589,Tarko-Sale,RU,64.9225,77.785,-10.79,83,29,11.12,scattered clouds,22-02-11 23:59:46
590,Maldonado,UY,-34.6667,-54.9167,74.59,86,86,14.34,overcast clouds,22-02-11 23:59:47
591,Panaba,MX,21.2833,-88.2667,72.27,77,66,10.09,broken clouds,22-02-11 23:59:47
592,Mount Isa,AU,-20.7333,139.5,91.17,31,14,8.05,few clouds,22-02-11 23:59:48
593,Vila Velha,BR,-20.3297,-40.2925,75.15,93,75,5.75,broken clouds,22-02-11 23:59:48
594,Bhadrachalam,IN,17.6667,80.8833,64.0,65,77,3.38,broken clouds,22-02-11 23:59:49
595,Codajas,BR,-3.8367,-62.0569,74.34,94,100,2.93,overcast clouds,22-02-11 23:59:49
596,Along,IN,28.1667,94.7667,48.69,97,92,2.13,overcast clouds,22-02-11 23:59:50
597,Paraiso,CR,9.8383,-83.8656,72.46,95,72,4.29,broken clouds,22-02-11 23:59:50
598,Tres Lagoas,BR,-20.7511,-51.6783,74.39,83,37,6.42,scattered clouds,22-02-11 23:59:51
599,Pantai Remis,MY,4.4557,100.6288,73.76,85,100,2.93,overcast clouds,22-02-11 23:59:51
600,Saint-Augustin,CA,51.226,-58.6502,9.61,84,25,8.1,scattered clouds,22-02-11 23:59:52
601,Yuli,NG,9.6989,10.2744,71.1,16,11,8.1,few clouds,22-02-11 23:59:52
602,Sukabumi,ID,-6.9181,106.9267,67.53,82,100,1.9,overcast clouds,22-02-11 23:56:18
603,Alindao,CF,5.0267,21.2088,76.46,25,44,2.06,scattered clouds,22-02-11 23:59:53
604,Aksarka,RU,66.5606,67.7975,-2.96,88,100,11.1,overcast clouds,22-02-11 23:59:54
605,Praia Da Vitoria,PT,38.7333,-27.0667,59.25,82,75,8.37,broken clouds,22-02-11 23:59:54
606,Aban,RU,56.67,96.06,-19.1,99,11,4.41,few clouds,22-02-11 23:59:55
607,Kutum,SD,14.2,24.6667,52.45,22,0,6.44,clear sky,22-02-11 23:59:55
608,Karauli,IN,26.5,77.0167,53.49,45,0,3.09,clear sky,22-02-11 23:59:56
609,Roma,US,43.2128,-75.4557,49.66,53,100,5.01,overcast clouds,22-02-11 23:59:27
610,Nantucket,US,41.2835,-70.0995,45.09,75,0,11.43,clear sky,22-02-11 23:59:42
611,Gevgelija,MK,41.1392,22.5025,50.25,80,12,4.83,few clouds,22-02-12 00:00:42
612,Chumikan,RU,54.7183,135.315,7.72,94,100,4.68,light snow,22-02-12 00:00:43
613,Manggar,ID,-2.8833,108.2667,77.9,86,100,5.57,overcast clouds,22-02-12 00:00:44
614,Launceston,AU,-41.45,147.1667,69.62,50,7,9.22,clear sky,22-02-12 00:00:45
615,Chilmari,BD,25.5559,89.6715,59.52,61,0,0.31,clear sky,22-02-12 00:00:46
616,Cururupu,BR,-1.8283,-44.8683,74.68,96,97,3.24,overcast clouds,22-02-12 00:00:47
617,Kosh-Agach,RU,50.0,88.6667,-31.2,99,94,2.82,overcast clouds,22-02-12 00:00:47
618,Waipawa,NZ,-41.4122,175.5153,62.92,99,100,6.2,light rain,22-02-12 00:00:48
619,Borodyanka,UA,50.6448,29.9201,36.5,100,100,4.47,shower snow,22-02-12 00:00:48
620,Aripuana,BR,-9.1667,-60.6333,74.89,93,100,1.95,moderate rain,22-02-12 00:00:49
621,Yaan,NG,7.3833,8.5667,79.48,12,1,3.96,clear sky,22-02-12 00:00:50
622,Ratnagiri,IN,16.9833,73.3,74.71,51,67,6.22,broken clouds,22-02-12 00:00:50
623,La Asuncion,VE,11.0333,-63.8628,76.59,85,9,19.55,clear sky,22-02-11 23:57:43
624,Rawson,AR,-43.3002,-65.1023,62.06,46,34,13.31,scattered clouds,22-02-11 23:58:06
625,Karratha,AU,-20.7377,116.8463,87.21,62,26,6.4,scattered clouds,22-02-12 00:00:51
626,Pitimbu,BR,-7.4706,-34.8086,81.03,77,81,11.3,broken clouds,22-02-12 00:00:52
627,Ziway,ET,7.9333,38.7167,63.64,48,64,12.37,broken clouds,22-02-12 00:00:52
628,Kavaratti,IN,10.5669,72.642,79.9,78,28,9.08,scattered clouds,22-02-12 00:00:53
629,Tuscaloosa,US,33.2098,-87.5692,61.23,42,0,5.1,clear sky,22-02-12 00:00:00
630,Cauquenes,CL,-35.9671,-72.3225,68.59,26,0,5.1,clear sky,22-02-12 00:00:54
631,Takoradi,GH,4.8845,-1.7554,79.2,87,45,7.81,scattered clouds,22-02-12 00:00:55
632,Salalah,OM,17.0151,54.0924,67.64,74,1,3.44,clear sky,22-02-12 00:00:42
633,Alcaniz,ES,41.05,-0.1333,49.08,79,24,2.66,few clouds,22-02-12 00:00:56
634,Kaliua,TZ,-5.0606,31.7936,65.16,95,100,3.58,light rain,22-02-12 00:00:56
635,Kilinochchi,LK,9.3961,80.3982,74.61,95,100,10.31,overcast clouds,22-02-12 00:00:57
636,Nakusp,CA,50.2499,-117.8023,36.54,91,98,0.74,overcast clouds,22-02-12 00:00:57
637,Okha,RU,53.5739,142.9478,19.67,93,99,6.24,overcast clouds,22-02-12 00:00:58
638,Saint-Francois,FR,46.4154,3.9054,29.41,97,0,0.0,clear sky,22-02-12 00:00:59
639,Hlobyne,UA,49.3878,33.2596,32.34,94,100,4.16,overcast clouds,22-02-12 00:00:59
640,Merritt Island,US,28.5392,-80.672,69.89,72,75,3.44,broken clouds,22-02-12 00:01:00
641,Kandalaksha,RU,67.162,32.4123,20.17,96,99,3.53,light snow,22-02-12 00:01:00
642,Seguela,CI,7.9611,-6.6731,74.71,20,30,1.23,scattered clouds,22-02-12 00:01:01
643,Saltabarranca,MX,18.6,-95.5333,72.84,83,22,8.9,few clouds,22-02-12 00:01:01
644,Tonj,SS,7.2737,28.6822,76.71,22,43,6.58,scattered clouds,22-02-12 00:01:02
645,Plouzane,FR,48.3833,-4.6167,37.45,90,0,6.91,clear sky,22-02-12 00:01:03
646,Okhotsk,RU,59.3833,143.3,-9.42,80,48,8.75,scattered clouds,22-02-12 00:01:03
647,Umea,SE,63.8284,20.2597,24.91,80,75,4.61,broken clouds,22-02-12 00:01:04
648,Valleyview,CA,55.0667,-117.2859,30.43,72,96,5.1,overcast clouds,22-02-12 00:01:05
649,Mapiri,BO,-15.25,-68.1667,70.2,97,100,0.74,overcast clouds,22-02-12 00:01:05
650,Melfi,IT,40.9965,15.6514,39.49,87,72,1.92,broken clouds,22-02-12 00:01:06
651,Kamenka,RU,51.3223,42.7678,32.76,88,100,12.88,overcast clouds,22-02-11 23:59:59
652,Kaduy,RU,59.2,37.15,25.93,93,100,9.31,overcast clouds,22-02-12 00:01:07
653,Estelle,US,29.8458,-90.1067,64.0,58,0,8.99,clear sky,22-02-12 00:01:07
654,Sechura,PE,-5.5569,-80.8222,75.7,66,68,15.97,broken clouds,22-02-12 00:01:08
655,Aktanysh,RU,55.7216,54.0829,21.58,93,95,7.05,overcast clouds,22-02-12 00:01:08
656,Myaundzha,RU,63.0494,147.1858,-30.73,97,90,2.91,overcast clouds,22-02-12 00:01:09
657,Ullal,IN,12.8,74.85,72.55,78,3,3.44,clear sky,22-02-12 00:01:09
658,Ust-Tsilma,RU,65.441,52.1498,16.75,93,100,10.38,light snow,22-02-12 00:01:10
659,Novikovo,RU,51.1537,37.8879,31.42,80,99,6.73,overcast clouds,22-02-12 00:01:10
660,Vila Do Maio,CV,15.1333,-23.2167,75.99,76,50,15.86,scattered clouds,22-02-12 00:01:11
661,San Juan,AR,-31.5375,-68.5364,67.12,62,91,18.21,overcast clouds,22-02-12 00:01:11
662,Barmer,IN,25.75,71.3833,58.77,29,1,4.05,clear sky,22-02-12 00:01:12
663,Sioux Lookout,CA,50.1001,-91.917,-11.74,84,60,9.51,broken clouds,22-02-12 00:01:12
664,Araouane,ML,18.9048,-3.5265,61.86,19,20,10.58,few clouds,22-02-12 00:01:13
665,Mpanda,TZ,-6.3655,31.0409,64.78,96,100,2.86,overcast clouds,22-02-12 00:01:14
666,Phuket,TH,8.0,98.25,75.42,88,20,3.44,few clouds,22-02-11 23:58:03
667,Keti Bandar,PK,24.1447,67.4497,68.68,54,0,7.07,clear sky,22-02-12 00:02:00
668,Sisimiut,GL,66.9395,-53.6735,20.43,96,100,4.88,snow,22-02-12 00:02:00
669,Rawlins,US,41.7911,-107.2387,24.69,72,20,16.11,few clouds,22-02-12 00:02:01
670,Otradnoye,RU,59.7775,30.8181,24.85,93,29,8.48,scattered clouds,22-02-12 00:02:01
671,Ostrovnoy,RU,68.0531,39.5131,15.3,96,97,7.81,overcast clouds,22-02-12 00:02:02
672,Andenes,NO,69.3143,16.1194,24.78,80,100,12.66,overcast clouds,22-02-12 00:02:02
673,Jardim,BR,-21.4803,-56.1381,84.51,46,82,4.63,broken clouds,22-02-12 00:02:03
674,Padang,ID,-0.9492,100.3543,75.25,77,100,2.86,overcast clouds,22-02-12 00:02:03
675,Kyabe,TD,9.4515,18.9449,76.5,14,0,5.21,clear sky,22-02-12 00:02:04
676,Moa,CU,20.6569,-74.9403,76.5,79,32,10.96,scattered clouds,22-02-12 00:02:04
677,Byron Bay,AU,-28.65,153.6167,76.95,77,85,16.64,moderate rain,22-02-12 00:02:05
678,Ahuimanu,US,21.4447,-157.8378,80.2,61,0,5.01,clear sky,22-02-12 00:02:05
679,Erzin,TR,36.9559,36.2,36.12,63,0,2.13,clear sky,22-02-12 00:02:06
680,Villa Bruzual,VE,9.3328,-69.1208,80.22,50,77,4.92,broken clouds,22-02-12 00:02:06
681,Northampton,US,40.8754,-75.2499,52.3,50,76,1.99,broken clouds,22-02-12 00:02:07
682,Havoysund,NO,70.9963,24.6622,25.68,60,98,10.42,light snow,22-02-12 00:02:07
683,Waingapu,ID,-9.6567,120.2641,77.77,88,100,2.01,light rain,22-02-12 00:02:08
684,Kenora,CA,49.8167,-94.4337,-5.82,84,43,9.6,scattered clouds,22-02-12 00:02:08
685,Saint-Joseph,RE,-21.3667,55.6167,75.58,73,28,6.31,scattered clouds,22-02-12 00:02:09
686,Umba,RU,66.6871,34.3429,6.49,99,100,3.13,overcast clouds,22-02-12 00:02:09
687,Umm Lajj,SA,25.0213,37.2685,65.25,34,0,22.62,clear sky,22-02-12 00:02:10
688,Amga,RU,60.8953,131.9608,-30.93,99,85,1.39,overcast clouds,22-02-12 00:02:10
